{"University Of Texas at Arlington": 2.7283950617283956, "University Of Texas at Austin": 2.7283950617283956, "University Of Arkansas": 2.656451612903226, "University of Texas at Austin": 2.7283950617283956}